insert into department (id, name, description, location, phone_number) values ('ACC', 'Accounting', 'Crunchy cacao nibs, great for adding to smoothies or baking.', 'PARIS', '+7 222 229 1781');
insert into department (id, name, description, location, phone_number) values ('LGL', 'Legal', 'Crispy baked radish chips, a healthy snack alternative.', 'MILANO', '+86 891 899 7354');
insert into department (id, name, description, location, phone_number) values ('PRM','Product Management', 'A mix of strawberries, blueberries, and raspberries, perfect for smoothies.', 'HERMITAGE', '+359 895 897 1819');
insert into department (id, name, description, location, phone_number) values ('RAD','Research and Development', 'Multi-functional grater for cheese and vegetables.', 'WHEELING', '+81 699 933 2269');
insert into department (id, name, description, location, phone_number) values ('SUP','Support', 'Fun instruments to introduce kids to music.', 'DWIGHT', '+66 156 194 0649');
insert into department (id, name, description, location, phone_number) values ('MAR','Marketing', 'Personalized calendar with your favorite photos.', 'BREMEN', '+20 309 566 6864');
insert into department (id, name, description, location, phone_number) values ('SLS','Sales', 'High-quality organic honey from local farms.', 'WIEN', '+7 391 222 2222');
insert into department (id, name, description, location, phone_number) values ('HHR','Human Resources', 'Handmade ceramic mugs with unique designs.', 'SAN FRANCISCO', '+7 861 222 2222');

insert into payroll_account (bank_name, account_number, bank_routing_number, account_type, payment_frequency) values ('TRUSTMARK NATIONAL BANK', '3576471230322597', '062103259', 'VISTA', 'monthly');
insert into payroll_account (bank_name, account_number, bank_routing_number, account_type, payment_frequency) values ('COMPASS BANK', '560222736368421420', '114016142', 'VISTA', 'bi-weekly');
insert into payroll_account (bank_name, account_number, bank_routing_number, account_type, payment_frequency) values ('FIRST STATE BANK', '5048370685493579', '104111769', 'DEBITO', 'weekly');
insert into payroll_account (bank_name, account_number, bank_routing_number, account_type, payment_frequency) values ('BUSEY BANK', '5382514228430853', '067014372', 'DEBITO', 'bi-weekly');
insert into payroll_account (bank_name, account_number, bank_routing_number, account_type, payment_frequency) values ('FIRST NATIONAL BANK OF PENNSYLVANIA', '4936661794692380529', '043318092', 'AHORRO', 'weekly');
insert into payroll_account (bank_name, account_number, bank_routing_number, account_type, payment_frequency) values ('BANK OF AMERICA', '3549426909847708', '053102463', 'DEBITO', 'bi-weekly');
insert into payroll_account (bank_name, account_number, bank_routing_number, account_type, payment_frequency) values ('UNITED BANK', '3541260683761803', '061119477', 'AHORRO', 'weekly');
insert into payroll_account (bank_name, account_number, bank_routing_number, account_type, payment_frequency) values ('COMMUNITY BANK', '491193281188098580', '221372274', 'AHORRO', 'bi-weekly');
insert into payroll_account (bank_name, account_number, bank_routing_number, account_type, payment_frequency) values ('FARMERS BANK', '5002353130401474', '083901773', 'AHORRO', 'bi-weekly');
insert into payroll_account (bank_name, account_number, bank_routing_number, account_type, payment_frequency) values ('PROSPERITY BANK', '337941437776189', '114903080', 'DEBITO', 'bi-weekly');
insert into payroll_account (bank_name, account_number, bank_routing_number, account_type, payment_frequency) values ('FIRST BANK', '6763389114791412', '071923336', 'DEBITO', 'weekly');
insert into payroll_account (bank_name, account_number, bank_routing_number, account_type, payment_frequency) values ('HSBC BANK', '3568115581662081', '021410080', 'AHORRO', 'monthly');
insert into payroll_account (bank_name, account_number, bank_routing_number, account_type, payment_frequency) values ('FIRST MIDWEST BANK', '5007665349414716', '071917326', 'AHORRO', 'monthly');
insert into payroll_account (bank_name, account_number, bank_routing_number, account_type, payment_frequency) values ('FIRST TENNESSEE BANK', '3563518149937157', '064207195', 'AHORRO', 'monthly');
insert into payroll_account (bank_name, account_number, bank_routing_number, account_type, payment_frequency) values ('FARMERS STATE BANK', '3583781417563438', '107003418', 'AHORRO', 'monthly');
insert into payroll_account (bank_name, account_number, bank_routing_number, account_type, payment_frequency) values ('FARMERS STATE BANK', '3543450957271377', '073911676', 'VISTA', 'bi-weekly');
insert into payroll_account (bank_name, account_number, bank_routing_number, account_type, payment_frequency) values ('BANK OF THE WEST', '30237203382611', '111916724', 'VISTA', 'weekly');
insert into payroll_account (bank_name, account_number, bank_routing_number, account_type, payment_frequency) values ('FIRST NATIONAL BANK OF PENNSYLVANIA', '3542289835241058', '053202305', 'DEBITO', 'bi-weekly');
insert into payroll_account (bank_name, account_number, bank_routing_number, account_type, payment_frequency) values ('BANK OF AMERICA', '3557641449233560', '082907545', 'DEBITO', 'weekly');
insert into payroll_account (bank_name, account_number, bank_routing_number, account_type, payment_frequency) values ('CITIZENS BANK', '3539381903430872', '103102274', 'VISTA', 'monthly');
insert into payroll_account (bank_name, account_number, bank_routing_number, account_type, payment_frequency) values ('HUNTINGTON NATIONAL BANK', '503833693478807512', '072410123', 'DEBITO', 'monthly');
insert into payroll_account (bank_name, account_number, bank_routing_number, account_type, payment_frequency) values ('WELLS FARGO BANK', '3563720736262904', '122237955', 'VISTA', 'weekly');
insert into payroll_account (bank_name, account_number, bank_routing_number, account_type, payment_frequency) values ('PNC BANK INC. - BALTIMORE', '3584927445938154', '052100929', 'VISTA', 'weekly');
insert into payroll_account (bank_name, account_number, bank_routing_number, account_type, payment_frequency) values ('PROSPERITY BANK', '3560581749350208', '111000805', 'AHORRO', 'weekly');
insert into payroll_account (bank_name, account_number, bank_routing_number, account_type, payment_frequency) values ('BANK OF AMERICA', '201633891926649', '081000032', 'DEBITO', 'bi-weekly');
insert into payroll_account (bank_name, account_number, bank_routing_number, account_type, payment_frequency) values ('FIRST BANK & TRUST', '3579689164824612', '104902363', 'DEBITO', 'weekly');
insert into payroll_account (bank_name, account_number, bank_routing_number, account_type, payment_frequency) values ('CAPITAL BANK', '4905804036584756', '067011760', 'DEBITO', 'weekly');
insert into payroll_account (bank_name, account_number, bank_routing_number, account_type, payment_frequency) values ('FIRST MIDWEST BANK', '58933369539639616', '081504693', 'VISTA', 'weekly');
insert into payroll_account (bank_name, account_number, bank_routing_number, account_type, payment_frequency) values ('BYLINE BANK', '6763606657239547328', '071004530', 'VISTA', 'weekly');
insert into payroll_account (bank_name, account_number, bank_routing_number, account_type, payment_frequency) values ('FARMERS BANK', '5602253452123597150', '082901091', 'VISTA', 'monthly');
insert into payroll_account (bank_name, account_number, bank_routing_number, account_type, payment_frequency) values ('S & T BANK', '5602241932756944', '043318814', 'DEBITO', 'weekly');
insert into payroll_account (bank_name, account_number, bank_routing_number, account_type, payment_frequency) values ('GLACIER BANK', '060402291269406917', '092902352', 'VISTA', 'weekly');
insert into payroll_account (bank_name, account_number, bank_routing_number, account_type, payment_frequency) values ('COMMUNITY STATE BANK', '6763114584060506', '073917887', 'AHORRO', 'bi-weekly');
insert into payroll_account (bank_name, account_number, bank_routing_number, account_type, payment_frequency) values ('FIFTH THIRD BANK', '3578568200183947', '067091719', 'VISTA', 'monthly');
insert into payroll_account (bank_name, account_number, bank_routing_number, account_type, payment_frequency) values ('GLACIER BANK', '201631917459181', '125107998', 'AHORRO', 'weekly');
insert into payroll_account (bank_name, account_number, bank_routing_number, account_type, payment_frequency) values ('PIONEER BANK, SSB', '4041374672400', '113102442', 'VISTA', 'weekly');
insert into payroll_account (bank_name, account_number, bank_routing_number, account_type, payment_frequency) values ('US BANK', '3577497659540889', '091408501', 'AHORRO', 'weekly');
insert into payroll_account (bank_name, account_number, bank_routing_number, account_type, payment_frequency) values ('BANNER BANK', '4844757977977237', '122243800', 'AHORRO', 'monthly');
insert into payroll_account (bank_name, account_number, bank_routing_number, account_type, payment_frequency) values ('WELLS FARGO BANK', '6331100005125302', '124100064', 'VISTA', 'bi-weekly');
insert into payroll_account (bank_name, account_number, bank_routing_number, account_type, payment_frequency) values ('BANK OF AMERICA', '337941418086731', '053200446', 'VISTA', 'monthly');
insert into payroll_account (bank_name, account_number, bank_routing_number, account_type, payment_frequency) values ('FIRST NATIONAL BANK', '5248050132111218', '111926112', 'DEBITO', 'weekly');
insert into payroll_account (bank_name, account_number, bank_routing_number, account_type, payment_frequency) values ('FIRST STATE BANK', '56022291777821688', '081220524', 'AHORRO', 'bi-weekly');
insert into payroll_account (bank_name, account_number, bank_routing_number, account_type, payment_frequency) values ('BRANCH BANKING & TRUST COMPANY', '3571574262740837', '031205955', 'VISTA', 'monthly');
insert into payroll_account (bank_name, account_number, bank_routing_number, account_type, payment_frequency) values ('FIRST NATIONAL BANK OF PENNSYLVANIA', '3574535055318138', '254070132', 'VISTA', 'weekly');
insert into payroll_account (bank_name, account_number, bank_routing_number, account_type, payment_frequency) values ('PROSPERITY BANK', '5100175242823605', '111917383', 'AHORRO', 'weekly');
insert into payroll_account (bank_name, account_number, bank_routing_number, account_type, payment_frequency) values ('SOUTH STATE BANK', '6304473359942466234', '061204900', 'DEBITO', 'weekly');
insert into payroll_account (bank_name, account_number, bank_routing_number, account_type, payment_frequency) values ('FIRST COMMUNITY BANK', '3531578181960060', '051005012', 'DEBITO', 'bi-weekly');
insert into payroll_account (bank_name, account_number, bank_routing_number, account_type, payment_frequency) values ('HUNTINGTON NATIONAL BANK', '3567289512358456', '044115090', 'DEBITO', 'weekly');
insert into payroll_account (bank_name, account_number, bank_routing_number, account_type, payment_frequency) values ('VALLEY NATIONAL BANK', '3573815218643346', '063115437', 'VISTA', 'weekly');
insert into payroll_account (bank_name, account_number, bank_routing_number, account_type, payment_frequency) values ('PEOPLES BANK', '341431820138217', '091913216', 'DEBITO', 'bi-weekly');
insert into payroll_account (bank_name, account_number, bank_routing_number, account_type, payment_frequency) values ('HORIZON CREDIT UNION', '3537740009481463', '281581047', 'DEBITO', 'monthly');
insert into payroll_account (bank_name, account_number, bank_routing_number, account_type, payment_frequency) values ('CORNERSTONE BANK', '3549061821981002', '082904726', 'VISTA', 'weekly');
insert into payroll_account (bank_name, account_number, bank_routing_number, account_type, payment_frequency) values ('UMB', '3580041139172551', '081503490', 'AHORRO', 'monthly');
insert into payroll_account (bank_name, account_number, bank_routing_number, account_type, payment_frequency) values ('BANK OF AMERICA', '4844554275449021', '114000019', 'DEBITO', 'bi-weekly');
insert into payroll_account (bank_name, account_number, bank_routing_number, account_type, payment_frequency) values ('WELLS FARGO BANK', '6331101312664169646', '056004089', 'AHORRO', 'weekly');
insert into payroll_account (bank_name, account_number, bank_routing_number, account_type, payment_frequency) values ('HERITAGE BANK', '337941660345843', '121201814', 'VISTA', 'weekly');
insert into payroll_account (bank_name, account_number, bank_routing_number, account_type, payment_frequency) values ('PACIFIC WESTERN BANK', '5010128979377211', '122237751', 'VISTA', 'monthly');
insert into payroll_account (bank_name, account_number, bank_routing_number, account_type, payment_frequency) values ('PNC BANK', '3562110198309420', '071921833', 'DEBITO', 'bi-weekly');
insert into payroll_account (bank_name, account_number, bank_routing_number, account_type, payment_frequency) values ('INTERBANK', '060467746555150828', '111905230', 'VISTA', 'weekly');
insert into payroll_account (bank_name, account_number, bank_routing_number, account_type, payment_frequency) values ('FIRST STATE BANK', '5007664415301188', '084204628', 'DEBITO', 'monthly');
insert into payroll_account (bank_name, account_number, bank_routing_number, account_type, payment_frequency) values ('FIFTH THIRD BANK', '3575974166438882', '074908594', 'AHORRO', 'monthly');
insert into payroll_account (bank_name, account_number, bank_routing_number, account_type, payment_frequency) values ('FIRST NATIONAL BANK OF PENNSYLVANIA', '3588125900751156', '031306799', 'AHORRO', 'weekly');
insert into payroll_account (bank_name, account_number, bank_routing_number, account_type, payment_frequency) values ('CITIZENS STATE BANK', '6709192537939213', '073921190', 'VISTA', 'bi-weekly');
insert into payroll_account (bank_name, account_number, bank_routing_number, account_type, payment_frequency) values ('PNC BANK', '5100134095653205', '055001698', 'VISTA', 'weekly');
insert into payroll_account (bank_name, account_number, bank_routing_number, account_type, payment_frequency) values ('BRANCH BANKING & TRUST COMPANY', '3562354022760974', '231371799', 'AHORRO', 'weekly');
insert into payroll_account (bank_name, account_number, bank_routing_number, account_type, payment_frequency) values ('FARMERS STATE BANK', '374283652181108', '104903498', 'DEBITO', 'monthly');
insert into payroll_account (bank_name, account_number, bank_routing_number, account_type, payment_frequency) values ('SECURITY BANK', '348992784518200', '101101785', 'AHORRO', 'bi-weekly');
insert into payroll_account (bank_name, account_number, bank_routing_number, account_type, payment_frequency) values ('TD BANK', '56022391015657561', '031201360', 'AHORRO', 'bi-weekly');
insert into payroll_account (bank_name, account_number, bank_routing_number, account_type, payment_frequency) values ('CAPITAL BANK', '3555415210719103', '053112806', 'AHORRO', 'monthly');
insert into payroll_account (bank_name, account_number, bank_routing_number, account_type, payment_frequency) values ('COMMUNITY BANK', '3528778921353056', '071118798', 'VISTA', 'monthly');
insert into payroll_account (bank_name, account_number, bank_routing_number, account_type, payment_frequency) values ('GREAT WESTERN BANK', '3570820454933149', '073906306', 'VISTA', 'monthly');
insert into payroll_account (bank_name, account_number, bank_routing_number, account_type, payment_frequency) values ('FIRST NATIONAL BANK', '6771344683639252', '103101110', 'VISTA', 'weekly');
insert into payroll_account (bank_name, account_number, bank_routing_number, account_type, payment_frequency) values ('SANTANDER BANK', '3581451033762531', '011075202', 'DEBITO', 'weekly');
insert into payroll_account (bank_name, account_number, bank_routing_number, account_type, payment_frequency) values ('CITIBANK', '4917906443948908', '091409571', 'AHORRO', 'weekly');
insert into payroll_account (bank_name, account_number, bank_routing_number, account_type, payment_frequency) values ('BANK OF AMERICA', '676201111197891376', '067011294', 'DEBITO', 'monthly');
insert into payroll_account (bank_name, account_number, bank_routing_number, account_type, payment_frequency) values ('FIRST MIDWEST BANK', '3537516484433777', '071908827', 'DEBITO', 'weekly');
insert into payroll_account (bank_name, account_number, bank_routing_number, account_type, payment_frequency) values ('GREAT LAKES CREDIT UNION', '4911628043863362', '271080325', 'DEBITO', 'monthly');
insert into payroll_account (bank_name, account_number, bank_routing_number, account_type, payment_frequency) values ('VALLEY NATIONAL BANK', '3552042629687151', '021206993', 'VISTA', 'bi-weekly');
insert into payroll_account (bank_name, account_number, bank_routing_number, account_type, payment_frequency) values ('WELLS FARGO BANK', '3565334588645998', '063107513', 'AHORRO', 'monthly');
insert into payroll_account (bank_name, account_number, bank_routing_number, account_type, payment_frequency) values ('GOLDMAN SACHS BANK USA', '4905994519216767346', '026015079', 'AHORRO', 'weekly');
insert into payroll_account (bank_name, account_number, bank_routing_number, account_type, payment_frequency) values ('UNITED BANK', '630493702456764645', '083901650', 'AHORRO', 'weekly');
insert into payroll_account (bank_name, account_number, bank_routing_number, account_type, payment_frequency) values ('COMMUNITY BANK', '3585839952983789', '123203878', 'DEBITO', 'monthly');
insert into payroll_account (bank_name, account_number, bank_routing_number, account_type, payment_frequency) values ('FIRST NATIONAL BANK', '6767065956468165389', '081204126', 'VISTA', 'monthly');
insert into payroll_account (bank_name, account_number, bank_routing_number, account_type, payment_frequency) values ('XENITH BANK', '3533754787752528', '051009364', 'AHORRO', 'weekly');
insert into payroll_account (bank_name, account_number, bank_routing_number, account_type, payment_frequency) values ('BMO HARRIS BANK', '3547819033452522', '075900229', 'DEBITO', 'bi-weekly');
insert into payroll_account (bank_name, account_number, bank_routing_number, account_type, payment_frequency) values ('FARMERS STATE BANK', '3560548077529703', '075907808', 'DEBITO', 'bi-weekly');
insert into payroll_account (bank_name, account_number, bank_routing_number, account_type, payment_frequency) values ('FIRST NATIONAL BANK', '3571728696274629', '071117760', 'VISTA', 'monthly');
insert into payroll_account (bank_name, account_number, bank_routing_number, account_type, payment_frequency) values ('CATHAY BANK', '3587805246494576', '055003337', 'AHORRO', 'bi-weekly');
insert into payroll_account (bank_name, account_number, bank_routing_number, account_type, payment_frequency) values ('HERITAGE BANK', '4041379617572129', '073912808', 'DEBITO', 'bi-weekly');
insert into payroll_account (bank_name, account_number, bank_routing_number, account_type, payment_frequency) values ('TD BANK', '6334828651696967998', '011401148', 'AHORRO', 'monthly');
insert into payroll_account (bank_name, account_number, bank_routing_number, account_type, payment_frequency) values ('FIRST BANK', '5010123490570287', '091201915', 'VISTA', 'bi-weekly');
insert into payroll_account (bank_name, account_number, bank_routing_number, account_type, payment_frequency) values ('FIRST NATIONAL BANK', '5528356046887137', '112207403', 'DEBITO', 'weekly');
insert into payroll_account (bank_name, account_number, bank_routing_number, account_type, payment_frequency) values ('FIRST STATE BANK', '3571758801936390', '107001520', 'DEBITO', 'weekly');
insert into payroll_account (bank_name, account_number, bank_routing_number, account_type, payment_frequency) values ('GLACIER BANK', '3565208305352163', '102106569', 'VISTA', 'bi-weekly');
insert into payroll_account (bank_name, account_number, bank_routing_number, account_type, payment_frequency) values ('CADENCE BANK', '4844358218503393', '084201443', 'AHORRO', 'weekly');
insert into payroll_account (bank_name, account_number, bank_routing_number, account_type, payment_frequency) values ('PACIFIC WESTERN BANK', '3555105727646036', '122239814', 'VISTA', 'bi-weekly');
insert into payroll_account (bank_name, account_number, bank_routing_number, account_type, payment_frequency) values ('INDEPENDENT BANK', '3547373833120004', '072402652', 'VISTA', 'weekly');
insert into payroll_account (bank_name, account_number, bank_routing_number, account_type, payment_frequency) values ('FIFTH THIRD BANK', '3547518979024184', '072401831', 'AHORRO', 'monthly');
insert into payroll_account (bank_name, account_number, bank_routing_number, account_type, payment_frequency) values ('SECURITY BANK', '3541177917134922', '042107657', 'DEBITO', 'weekly');
insert into payroll_account (bank_name, account_number, bank_routing_number, account_type, payment_frequency) values ('FIRST NATIONAL BANK', '3542823747491276', '091803957', 'AHORRO', 'bi-weekly');

insert into project (name) values ('Safe Bulkers, Inc');
insert into project (name) values ('NeuroMetrix, Inc.');
insert into project (name) values ('Consumer Portfolio Services, Inc.');
insert into project (name) values ('Nuveen Short Duration Credit Opportunities Fund');
insert into project (name) values ('The Gabelli Healthcare & Wellness Trust');
insert into project (name) values ('Dover Downs Gaming & Entertainment Inc');
insert into project (name) values ('Enel Americas S.A.');
insert into project (name) values ('Fulgent Genetics, Inc.');
insert into project (name) values ('Oi S.A.');
insert into project (name) values ('M&T Bank Corporation');

insert into employee (first_name, last_name, email, gender, birth_date, salary, job_title, department_id, payroll_account_id) values ('Ardis', 'Vellacott', 'avellacott0@yellowpages.com', 'Female', '1977/07/21', 2108, 'Statistician III', 'PRM', 1);
insert into employee (first_name, last_name, email, gender, birth_date, salary, job_title, department_id, payroll_account_id) values ('Witty', 'Lutsch', 'wlutsch1@samsung.com', 'Male', '1981/04/02', 1414, 'Web Designer III', 'ACC', 2);
insert into employee (first_name, last_name, email, gender, birth_date, salary, job_title, department_id, payroll_account_id) values ('Peter', 'Fallanche', 'pfallanche2@deliciousdays.com', 'Male', '1990/10/16', 1123, 'Recruiting Manager', 'SUP', 3);
insert into employee (first_name, last_name, email, gender, birth_date, salary, job_title, department_id, payroll_account_id) values ('Rutherford', 'Littlejohn', 'rlittlejohn3@alexa.com', 'Male', '1972/11/07', 791, 'Research Associate', 'RAD', 4);
insert into employee (first_name, last_name, email, gender, birth_date, salary, job_title, department_id, payroll_account_id) values ('Laural', 'Dimitriev', 'ldimitriev4@ow.ly', 'Female', '1986/07/05', 2318, 'Safety Technician II', 'SLS', 5);
insert into employee (first_name, last_name, email, gender, birth_date, salary, job_title, department_id, payroll_account_id) values ('Irv', 'Dmitriev', 'idmitriev5@amazon.de', 'Male', '1982/07/09', 1528, 'Senior Cost Accountant', 'SLS', 6);
insert into employee (first_name, last_name, email, gender, birth_date, salary, job_title, department_id, payroll_account_id) values ('Pattie', 'Consterdine', 'pconsterdine6@house.gov', 'Agender', '1988/01/05', 1619, 'Office Assistant II', 'RAD', 7);
insert into employee (first_name, last_name, email, gender, birth_date, salary, job_title, department_id, payroll_account_id) values ('Eulalie', 'Roddie', 'eroddie7@psu.edu', 'Female', '1998/07/31', 2152, 'Administrative Assistant II', 'HHR', 8);
insert into employee (first_name, last_name, email, gender, birth_date, salary, job_title, department_id, payroll_account_id) values ('Elihu', 'Purkins', 'epurkins8@ihg.com', 'Male', '1982/03/17', 1076, 'General Manager', 'SLS', 9);
insert into employee (first_name, last_name, email, gender, birth_date, salary, job_title, department_id, payroll_account_id) values ('Wang', 'Scarratt', 'wscarratt9@google.nl', 'Male', '1973/05/13', 1304, 'Structural Analysis Engineer', 'MAR', 10);
insert into employee (first_name, last_name, email, gender, birth_date, salary, job_title, department_id, payroll_account_id) values ('Korie', 'Gallant', 'kgallanta@theglobeandmail.com', 'Female', '1983/05/16', 1001, 'Speech Pathologist', 'SUP', 11);
insert into employee (first_name, last_name, email, gender, birth_date, salary, job_title, department_id, payroll_account_id) values ('Eilis', 'Gartland', 'egartlandb@virginia.edu', 'Female', '1971/12/24', 1922, 'Geologist I', 'ACC', 12);
insert into employee (first_name, last_name, email, gender, birth_date, salary, job_title, department_id, payroll_account_id) values ('Dorothea', 'Sagg', 'dsaggc@123-reg.co.uk', 'Female', '1987/10/26', 1360, 'Project Manager', 'MAR', 13);
insert into employee (first_name, last_name, email, gender, birth_date, salary, job_title, department_id, payroll_account_id) values ('Wylma', 'Albertson', 'walbertsond@freewebs.com', 'Female', '1992/03/07', 2151, 'Environmental Specialist', 'ACC', 14);
insert into employee (first_name, last_name, email, gender, birth_date, salary, job_title, department_id, payroll_account_id) values ('Eilis', 'Catling', 'ecatlinge@whitehouse.gov', 'Female', '1988/05/01', 2099, 'Electrical Engineer', 'LGL', 15);
insert into employee (first_name, last_name, email, gender, birth_date, salary, job_title, department_id, payroll_account_id) values ('Nathan', 'Wagg', 'nwaggf@earthlink.net', 'Male', '1975/11/03', 2465, 'Operator', 'LGL', 16);
insert into employee (first_name, last_name, email, gender, birth_date, salary, job_title, department_id, payroll_account_id) values ('Rheta', 'Wycliffe', 'rwycliffeg@cbc.ca', 'Female', '1983/08/25', 2463, 'Technical Writer', 'HHR', 17);
insert into employee (first_name, last_name, email, gender, birth_date, salary, job_title, department_id, payroll_account_id) values ('Lin', 'McGeagh', 'lmcgeaghh@usatoday.com', 'Male', '1972/06/07', 1427, 'Junior Executive', 'SUP', 18);
insert into employee (first_name, last_name, email, gender, birth_date, salary, job_title, department_id, payroll_account_id) values ('Inga', 'Ivashnikov', 'iivashnikovi@tiny.cc', 'Female', '1986/08/07', 1210, 'Automation Specialist II', 'RAD', 19);
insert into employee (first_name, last_name, email, gender, birth_date, salary, job_title, department_id, payroll_account_id) values ('Emmy', 'Crady', 'ecradyj@constantcontact.com', 'Female', '1981/12/30', 1101, 'Sales Associate', 'RAD', 20);
insert into employee (first_name, last_name, email, gender, birth_date, salary, job_title, department_id, payroll_account_id) values ('Vasilis', 'Barenski', 'vbarenskik@nydailynews.com', 'Male', '1999/06/08', 1219, 'Pharmacist', 'LGL', 21);
insert into employee (first_name, last_name, email, gender, birth_date, salary, job_title, department_id, payroll_account_id) values ('Melissa', 'Cuchey', 'mcucheyl@cloudflare.com', 'Female', '1979/12/20', 1896, 'GIS Technical Architect', 'PRM', 22);
insert into employee (first_name, last_name, email, gender, birth_date, salary, job_title, department_id, payroll_account_id) values ('Hamlin', 'MacQuaker', 'hmacquakerm@msn.com', 'Male', '1987/05/04', 1613, 'Quality Engineer', 'SLS', 23);
insert into employee (first_name, last_name, email, gender, birth_date, salary, job_title, department_id, payroll_account_id) values ('Tobin', 'Burnage', 'tburnagen@twitpic.com', 'Male', '1998/12/17', 1389, 'Analog Circuit Design manager', 'ACC', 24);
insert into employee (first_name, last_name, email, gender, birth_date, salary, job_title, department_id, payroll_account_id) values ('Raven', 'Boam', 'rboamo@abc.net.au', 'Female', '1989/08/02', 1640, 'General Manager', 'SLS', 25);
insert into employee (first_name, last_name, email, gender, birth_date, salary, job_title, department_id, payroll_account_id) values ('Renado', 'Hoggin', 'rhogginp@addthis.com', 'Polygender', '1972/09/15', 1066, 'Teacher', 'MAR', 26);
insert into employee (first_name, last_name, email, gender, birth_date, salary, job_title, department_id, payroll_account_id) values ('Allison', 'Ackenhead', 'aackenheadq@reference.com', 'Female', '1985/06/11', 616, 'Senior Financial Analyst', 'LGL', 27);
insert into employee (first_name, last_name, email, gender, birth_date, salary, job_title, department_id, payroll_account_id) values ('Selia', 'Berthel', 'sberthelr@mtv.com', 'Female', '1994/11/27', 2187, 'Account Executive', 'RAD', 28);
insert into employee (first_name, last_name, email, gender, birth_date, salary, job_title, department_id, payroll_account_id) values ('Alanah', 'Affleck', 'aafflecks@pcworld.com', 'Female', '1971/04/07', 1209, 'Physical Therapy Assistant', 'HHR', 29);
insert into employee (first_name, last_name, email, gender, birth_date, salary, job_title, department_id, payroll_account_id) values ('Berry', 'Von Helmholtz', 'bvonhelmholtzt@oakley.com', 'Female', '1977/05/17', 1362, 'Automation Specialist II', 'HHR', 30);
insert into employee (first_name, last_name, email, gender, birth_date, salary, job_title, department_id, payroll_account_id) values ('Flore', 'Tander', 'ftanderu@google.pl', 'Female', '1988/08/22', 1223, 'Executive Secretary', 'SUP', 31);
insert into employee (first_name, last_name, email, gender, birth_date, salary, job_title, department_id, payroll_account_id) values ('Arlan', 'Raffles', 'arafflesv@nationalgeographic.com', 'Male', '1985/09/15', 1324, 'Account Executive', 'RAD', 32);
insert into employee (first_name, last_name, email, gender, birth_date, salary, job_title, department_id, payroll_account_id) values ('Alejandra', 'Donoher', 'adonoherw@dedecms.com', 'Polygender', '1990/06/03', 1573, 'Web Designer I', 'ACC', 33);
insert into employee (first_name, last_name, email, gender, birth_date, salary, job_title, department_id, payroll_account_id) values ('Car', 'Haxbie', 'chaxbiex@weebly.com', 'Male', '1978/04/15', 1302, 'Speech Pathologist', 'LGL', 34);
insert into employee (first_name, last_name, email, gender, birth_date, salary, job_title, department_id, payroll_account_id) values ('Uriel', 'Walley', 'uwalleyy@cam.ac.uk', 'Male', '1986/07/23', 2312, 'Nurse', 'HHR', 35);
insert into employee (first_name, last_name, email, gender, birth_date, salary, job_title, department_id, payroll_account_id) values ('Zane', 'Chevis', 'zchevisz@ft.com', 'Genderfluid', '1985/09/29', 2244, 'Environmental Tech', 'MAR', 36);
insert into employee (first_name, last_name, email, gender, birth_date, salary, job_title, department_id, payroll_account_id) values ('Klaus', 'Pavinese', 'kpavinese10@mac.com', 'Male', '1997/10/18', 517, 'VP Quality Control', 'RAD', 37);
insert into employee (first_name, last_name, email, gender, birth_date, salary, job_title, department_id, payroll_account_id) values ('Georgianna', 'Landers', 'glanders11@qq.com', 'Non-binary', '1989/08/16', 760, 'Safety Technician III', 'PRM', 38);
insert into employee (first_name, last_name, email, gender, birth_date, salary, job_title, department_id, payroll_account_id) values ('Clark', 'Alvarado', 'calvarado12@columbia.edu', 'Male', '1986/04/06', 1238, 'Nurse', 'HHR', 39);
insert into employee (first_name, last_name, email, gender, birth_date, salary, job_title, department_id, payroll_account_id) values ('Konstanze', 'Gorler', 'kgorler13@uol.com.br', 'Female', '1981/03/22', 1895, 'Environmental Tech', 'HHR', 40);
insert into employee (first_name, last_name, email, gender, birth_date, salary, job_title, department_id, payroll_account_id) values ('Patty', 'Nunnery', 'pnunnery14@auda.org.au', 'Bigender', '1988/02/23', 2467, 'General Manager', 'HHR', 41);
insert into employee (first_name, last_name, email, gender, birth_date, salary, job_title, department_id, payroll_account_id) values ('Eva', 'Andras', 'eandras15@cloudflare.com', 'Female', '1970/04/15', 959, 'Community Outreach Specialist', 'LGL', 42);
insert into employee (first_name, last_name, email, gender, birth_date, salary, job_title, department_id, payroll_account_id) values ('Leola', 'Twomey', 'ltwomey16@cocolog-nifty.com', 'Female', '1988/08/18', 782, 'Compensation Analyst', 'SLS', 43);
insert into employee (first_name, last_name, email, gender, birth_date, salary, job_title, department_id, payroll_account_id) values ('Elna', 'Aylward', 'eaylward17@time.com', 'Female', '1981/10/22', 1025, 'Project Manager', 'LGL', 44);
insert into employee (first_name, last_name, email, gender, birth_date, salary, job_title, department_id, payroll_account_id) values ('Decca', 'Gittis', 'dgittis18@google.com', 'Male', '1984/12/07', 2154, 'Senior Developer', 'SUP', 45);
insert into employee (first_name, last_name, email, gender, birth_date, salary, job_title, department_id, payroll_account_id) values ('Kayla', 'Habben', 'khabben19@china.com.cn', 'Female', '1980/12/26', 2273, 'Human Resources Manager', 'LGL', 46);
insert into employee (first_name, last_name, email, gender, birth_date, salary, job_title, department_id, payroll_account_id) values ('Ora', 'Cartmel', 'ocartmel1a@nationalgeographic.com', 'Female', '1990/07/09', 583, 'Geological Engineer', 'SLS', 47);
insert into employee (first_name, last_name, email, gender, birth_date, salary, job_title, department_id, payroll_account_id) values ('Karel', 'Slinn', 'kslinn1b@answers.com', 'Female', '1980/03/31', 871, 'Data Coordinator', 'MAR', 48);
insert into employee (first_name, last_name, email, gender, birth_date, salary, job_title, department_id, payroll_account_id) values ('Cthrine', 'Pelos', 'cpelos1c@ow.ly', 'Female', '1975/01/10', 1011, 'GIS Technical Architect', 'PRM', 49);
insert into employee (first_name, last_name, email, gender, birth_date, salary, job_title, department_id, payroll_account_id) values ('Filia', 'Guido', 'fguido1d@topsy.com', 'Female', '1970/10/25', 958, 'Teacher', 'LGL', 50);
insert into employee (first_name, last_name, email, gender, birth_date, salary, job_title, department_id, payroll_account_id) values ('Donavon', 'Cowerd', 'dcowerd1e@stumbleupon.com', 'Male', '1995/03/08', 2251, 'Payment Adjustment Coordinator', 'SUP', 51);
insert into employee (first_name, last_name, email, gender, birth_date, salary, job_title, department_id, payroll_account_id) values ('Pamela', 'Haffard', 'phaffard1f@chronoengine.com', 'Female', '1986/08/08', 2038, 'Staff Accountant IV', 'RAD', 52);
insert into employee (first_name, last_name, email, gender, birth_date, salary, job_title, department_id, payroll_account_id) values ('Arlen', 'Foad', 'afoad1g@printfriendly.com', 'Male', '1983/05/12', 541, 'Recruiting Manager', 'ACC', 53);
insert into employee (first_name, last_name, email, gender, birth_date, salary, job_title, department_id, payroll_account_id) values ('Violante', 'Killough', 'vkillough1h@usgs.gov', 'Female', '1985/09/05', 1869, 'Teacher', 'PRM', 54);
insert into employee (first_name, last_name, email, gender, birth_date, salary, job_title, department_id, payroll_account_id) values ('Sky', 'Cromett', 'scromett1i@si.edu', 'Male', '1989/05/14', 518, 'Teacher', 'RAD', 55);
insert into employee (first_name, last_name, email, gender, birth_date, salary, job_title, department_id, payroll_account_id) values ('Verena', 'Kennett', 'vkennett1j@nytimes.com', 'Female', '1982/08/03', 1888, 'VP Sales', 'HHR', 56);
insert into employee (first_name, last_name, email, gender, birth_date, salary, job_title, department_id, payroll_account_id) values ('Olenka', 'Kolodziejski', 'okolodziejski1k@google.de', 'Female', '1997/12/23', 2000, 'Systems Administrator II', 'RAD', 57);
insert into employee (first_name, last_name, email, gender, birth_date, salary, job_title, department_id, payroll_account_id) values ('Berton', 'Benley', 'bbenley1l@sitemeter.com', 'Male', '1977/04/20', 728, 'Recruiting Manager', 'HHR', 58);
insert into employee (first_name, last_name, email, gender, birth_date, salary, job_title, department_id, payroll_account_id) values ('Raleigh', 'Newlan', 'rnewlan1m@1und1.de', 'Male', '1975/10/04', 542, 'Human Resources Assistant III', 'LGL', 59);
insert into employee (first_name, last_name, email, gender, birth_date, salary, job_title, department_id, payroll_account_id) values ('Angelica', 'Dymott', 'adymott1n@vinaora.com', 'Genderqueer', '1976/10/19', 1946, 'Senior Quality Engineer', 'PRM', 60);
insert into employee (first_name, last_name, email, gender, birth_date, salary, job_title, department_id, payroll_account_id) values ('Marchelle', 'McInulty', 'mmcinulty1o@accuweather.com', 'Female', '1987/02/18', 1197, 'Nurse', 'HHR', 61);
insert into employee (first_name, last_name, email, gender, birth_date, salary, job_title, department_id, payroll_account_id) values ('Modestia', 'Pletts', 'mpletts1p@reddit.com', 'Female', '1988/05/10', 634, 'Payment Adjustment Coordinator', 'PRM', 62);
insert into employee (first_name, last_name, email, gender, birth_date, salary, job_title, department_id, payroll_account_id) values ('Franchot', 'Hearnshaw', 'fhearnshaw1q@senate.gov', 'Male', '1985/01/23', 2082, 'Sales Representative', 'SUP', 63);
insert into employee (first_name, last_name, email, gender, birth_date, salary, job_title, department_id, payroll_account_id) values ('Jamesy', 'Motte', 'jmotte1r@wikia.com', 'Male', '1986/12/27', 2142, 'Chief Design Engineer', 'LGL', 64);
insert into employee (first_name, last_name, email, gender, birth_date, salary, job_title, department_id, payroll_account_id) values ('Laura', 'China', 'lchina1s@creativecommons.org', 'Female', '1996/05/28', 743, 'Nuclear Power Engineer', 'LGL', 65);
insert into employee (first_name, last_name, email, gender, birth_date, salary, job_title, department_id, payroll_account_id) values ('Tanny', 'Yellowlee', 'tyellowlee1t@nps.gov', 'Male', '1984/07/10', 1735, 'Quality Control Specialist', 'HHR', 66);
insert into employee (first_name, last_name, email, gender, birth_date, salary, job_title, department_id, payroll_account_id) values ('Anne', 'Frisdick', 'afrisdick1u@istockphoto.com', 'Female', '1976/09/17', 1087, 'Paralegal', 'LGL', 67);
insert into employee (first_name, last_name, email, gender, birth_date, salary, job_title, department_id, payroll_account_id) values ('Garey', 'Pavolini', 'gpavolini1v@goo.gl', 'Genderfluid', '1978/07/25', 1956, 'Operator', 'MAR', 68);
insert into employee (first_name, last_name, email, gender, birth_date, salary, job_title, department_id, payroll_account_id) values ('Ethelbert', 'Poate', 'epoate1w@simplemachines.org', 'Male', '1995/04/25', 542, 'Editor', 'MAR', 69);
insert into employee (first_name, last_name, email, gender, birth_date, salary, job_title, department_id, payroll_account_id) values ('Maria', 'Halfhyde', 'mhalfhyde1x@dedecms.com', 'Female', '1977/01/27', 1444, 'Nurse', 'SLS', 70);
insert into employee (first_name, last_name, email, gender, birth_date, salary, job_title, department_id, payroll_account_id) values ('Kaycee', 'Stovell', 'kstovell1y@eventbrite.com', 'Female', '1983/09/25', 650, 'Civil Engineer', 'MAR', 71);
insert into employee (first_name, last_name, email, gender, birth_date, salary, job_title, department_id, payroll_account_id) values ('Esmaria', 'Fearnyhough', 'efearnyhough1z@paginegialle.it', 'Female', '1988/03/14', 1269, 'Health Coach IV', 'RAD', 72);
insert into employee (first_name, last_name, email, gender, birth_date, salary, job_title, department_id, payroll_account_id) values ('Eve', 'Talkington', 'etalkington20@youtube.com', 'Female', '1987/07/08', 1680, 'Account Coordinator', 'RAD', 73);
insert into employee (first_name, last_name, email, gender, birth_date, salary, job_title, department_id, payroll_account_id) values ('Krysta', 'Beagan', 'kbeagan21@whitehouse.gov', 'Female', '1973/01/10', 1110, 'Paralegal', 'ACC', 74);
insert into employee (first_name, last_name, email, gender, birth_date, salary, job_title, department_id, payroll_account_id) values ('Melba', 'Hubane', 'mhubane22@seattletimes.com', 'Female', '1992/08/24', 866, 'GIS Technical Architect', 'LGL', 75);
insert into employee (first_name, last_name, email, gender, birth_date, salary, job_title, department_id, payroll_account_id) values ('Justus', 'Bason', 'jbason23@netscape.com', 'Male', '1977/11/24', 692, 'Research Associate', 'SLS', 76);
insert into employee (first_name, last_name, email, gender, birth_date, salary, job_title, department_id, payroll_account_id) values ('Barth', 'La Vigne', 'blavigne24@cargocollective.com', 'Male', '1978/05/20', 1483, 'Accountant III', 'LGL', 77);
insert into employee (first_name, last_name, email, gender, birth_date, salary, job_title, department_id, payroll_account_id) values ('Hyacintha', 'Savaage', 'hsavaage25@tiny.cc', 'Female', '1986/04/26', 1305, 'Data Coordinator', 'LGL', 78);
insert into employee (first_name, last_name, email, gender, birth_date, salary, job_title, department_id, payroll_account_id) values ('Cymbre', 'Lunam', 'clunam26@wired.com', 'Female', '1979/01/03', 644, 'Senior Financial Analyst', 'PRM', 79);
insert into employee (first_name, last_name, email, gender, birth_date, salary, job_title, department_id, payroll_account_id) values ('Nollie', 'Halden', 'nhalden27@smugmug.com', 'Male', '1973/01/07', 2418, 'Administrative Officer', 'LGL', 80);
insert into employee (first_name, last_name, email, gender, birth_date, salary, job_title, department_id, payroll_account_id) values ('Astra', 'Thebeau', 'athebeau28@quantcast.com', 'Female', '1971/09/08', 1177, 'Software Engineer I', 'LGL', 81);
insert into employee (first_name, last_name, email, gender, birth_date, salary, job_title, department_id, payroll_account_id) values ('Berta', 'Valois', 'bvalois29@eventbrite.com', 'Female', '1977/11/22', 1071, 'Civil Engineer', 'HHR', 82);
insert into employee (first_name, last_name, email, gender, birth_date, salary, job_title, department_id, payroll_account_id) values ('Arel', 'McKinnon', 'amckinnon2a@simplemachines.org', 'Male', '1982/05/08', 1522, 'Internal Auditor', 'SLS', 83);
insert into employee (first_name, last_name, email, gender, birth_date, salary, job_title, department_id, payroll_account_id) values ('Cathleen', 'Durston', 'cdurston2b@china.com.cn', 'Female', '1995/07/09', 1168, 'Quality Engineer', 'HHR', 84);
insert into employee (first_name, last_name, email, gender, birth_date, salary, job_title, department_id, payroll_account_id) values ('Catrina', 'Shelly', 'cshelly2c@deliciousdays.com', 'Non-binary', '1989/06/17', 2116, 'Director of Sales', 'HHR', 85);
insert into employee (first_name, last_name, email, gender, birth_date, salary, job_title, department_id, payroll_account_id) values ('Viviene', 'Briton', 'vbriton2d@loc.gov', 'Female', '1975/10/19', 626, 'Recruiting Manager', 'ACC', 86);
insert into employee (first_name, last_name, email, gender, birth_date, salary, job_title, department_id, payroll_account_id) values ('Salvador', 'Fullegar', 'sfullegar2e@technorati.com', 'Male', '1988/10/31', 1488, 'Desktop Support Technician', 'SLS', 87);
insert into employee (first_name, last_name, email, gender, birth_date, salary, job_title, department_id, payroll_account_id) values ('Ade', 'Kingswold', 'akingswold2f@google.pl', 'Non-binary', '1995/12/11', 2086, 'Community Outreach Specialist', 'SUP', 88);
insert into employee (first_name, last_name, email, gender, birth_date, salary, job_title, department_id, payroll_account_id) values ('Gayel', 'De Metz', 'gdemetz2g@sakura.ne.jp', 'Female', '1978/11/13', 1126, 'Operator', 'PRM', 89);
insert into employee (first_name, last_name, email, gender, birth_date, salary, job_title, department_id, payroll_account_id) values ('Jemmy', 'Skain', 'jskain2h@washington.edu', 'Non-binary', '1997/12/01', 1179, 'Human Resources Assistant IV', 'SLS', 90);
insert into employee (first_name, last_name, email, gender, birth_date, salary, job_title, department_id, payroll_account_id) values ('Napoleon', 'McKinlay', 'nmckinlay2i@wikia.com', 'Male', '1992/09/21', 2017, 'Marketing Assistant', 'RAD', 91);
insert into employee (first_name, last_name, email, gender, birth_date, salary, job_title, department_id, payroll_account_id) values ('Alphonse', 'Houldin', 'ahouldin2j@usda.gov', 'Male', '1978/09/08', 669, 'Editor', 'SLS', 92);
insert into employee (first_name, last_name, email, gender, birth_date, salary, job_title, department_id, payroll_account_id) values ('Townsend', 'Argent', 'targent2k@msu.edu', 'Male', '1998/02/05', 1505, 'VP Quality Control', 'MAR', 93);
insert into employee (first_name, last_name, email, gender, birth_date, salary, job_title, department_id, payroll_account_id) values ('Paola', 'Surmeir', 'psurmeir2l@digg.com', 'Female', '1978/08/21', 1217, 'Tax Accountant', 'PRM', 94);
insert into employee (first_name, last_name, email, gender, birth_date, salary, job_title, department_id, payroll_account_id) values ('Natala', 'Cosyns', 'ncosyns2m@yellowpages.com', 'Female', '1973/04/30', 1696, 'Account Executive', 'ACC', 95);
insert into employee (first_name, last_name, email, gender, birth_date, salary, job_title, department_id, payroll_account_id) values ('Ernie', 'Darkins', 'edarkins2n@weather.com', 'Male', '1982/02/14', 1183, 'Account Executive', 'HHR', 96);
insert into employee (first_name, last_name, email, gender, birth_date, salary, job_title, department_id, payroll_account_id) values ('Waverly', 'Alfonsetti', 'walfonsetti2o@npr.org', 'Non-binary', '1996/04/14', 2320, 'Librarian', 'ACC', 97);
insert into employee (first_name, last_name, email, gender, birth_date, salary, job_title, department_id, payroll_account_id) values ('Bettye', 'Eede', 'beede2p@prnewswire.com', 'Female', '1988/10/19', 1112, 'Community Outreach Specialist', 'ACC', 98);
insert into employee (first_name, last_name, email, gender, birth_date, salary, job_title, department_id, payroll_account_id) values ('Sileas', 'Cowerd', 'scowerd2q@123-reg.co.uk', 'Female', '1982/04/11', 1461, 'Product Engineer', 'SLS', 99);
insert into employee (first_name, last_name, email, gender, birth_date, salary, job_title, department_id, payroll_account_id) values ('Sampson', 'Hedgecock', 'shedgecock2r@sitemeter.com', 'Male', '1986/05/18', 2063, 'Developer II', 'MAR', 100);

insert into employee_projects (employee_id, project_id) values (1, 4);
insert into employee_projects (employee_id, project_id) values (2, 1);
insert into employee_projects (employee_id, project_id) values (3, 7);
insert into employee_projects (employee_id, project_id) values (4, 8);
insert into employee_projects (employee_id, project_id) values (5, 6);
insert into employee_projects (employee_id, project_id) values (6, 6);
insert into employee_projects (employee_id, project_id) values (7, 5);
insert into employee_projects (employee_id, project_id) values (8, 3);
insert into employee_projects (employee_id, project_id) values (9, 1);
insert into employee_projects (employee_id, project_id) values (10, 5);
insert into employee_projects (employee_id, project_id) values (11, 2);
insert into employee_projects (employee_id, project_id) values (12, 6);
insert into employee_projects (employee_id, project_id) values (13, 8);
insert into employee_projects (employee_id, project_id) values (14, 9);
insert into employee_projects (employee_id, project_id) values (15, 1);
insert into employee_projects (employee_id, project_id) values (16, 9);
insert into employee_projects (employee_id, project_id) values (17, 2);
insert into employee_projects (employee_id, project_id) values (18, 9);
insert into employee_projects (employee_id, project_id) values (19, 9);
insert into employee_projects (employee_id, project_id) values (20, 9);
insert into employee_projects (employee_id, project_id) values (21, 1);
insert into employee_projects (employee_id, project_id) values (22, 3);
insert into employee_projects (employee_id, project_id) values (23, 4);
insert into employee_projects (employee_id, project_id) values (24, 7);
insert into employee_projects (employee_id, project_id) values (25, 7);
insert into employee_projects (employee_id, project_id) values (26, 6);
insert into employee_projects (employee_id, project_id) values (27, 5);
insert into employee_projects (employee_id, project_id) values (28, 3);
insert into employee_projects (employee_id, project_id) values (29, 6);
insert into employee_projects (employee_id, project_id) values (30, 5);
insert into employee_projects (employee_id, project_id) values (31, 4);
insert into employee_projects (employee_id, project_id) values (32, 4);
insert into employee_projects (employee_id, project_id) values (33, 4);
insert into employee_projects (employee_id, project_id) values (34, 7);
insert into employee_projects (employee_id, project_id) values (35, 1);
insert into employee_projects (employee_id, project_id) values (36, 9);
insert into employee_projects (employee_id, project_id) values (37, 1);
insert into employee_projects (employee_id, project_id) values (38, 2);
insert into employee_projects (employee_id, project_id) values (39, 4);
insert into employee_projects (employee_id, project_id) values (40, 10);
insert into employee_projects (employee_id, project_id) values (41, 6);
insert into employee_projects (employee_id, project_id) values (42, 5);
insert into employee_projects (employee_id, project_id) values (43, 4);
insert into employee_projects (employee_id, project_id) values (44, 6);
insert into employee_projects (employee_id, project_id) values (45, 10);
insert into employee_projects (employee_id, project_id) values (46, 8);
insert into employee_projects (employee_id, project_id) values (47, 9);
insert into employee_projects (employee_id, project_id) values (48, 3);
insert into employee_projects (employee_id, project_id) values (49, 7);
insert into employee_projects (employee_id, project_id) values (50, 10);
insert into employee_projects (employee_id, project_id) values (51, 1);
insert into employee_projects (employee_id, project_id) values (52, 8);
insert into employee_projects (employee_id, project_id) values (53, 10);
insert into employee_projects (employee_id, project_id) values (54, 8);
insert into employee_projects (employee_id, project_id) values (55, 3);
insert into employee_projects (employee_id, project_id) values (56, 7);
insert into employee_projects (employee_id, project_id) values (57, 2);
insert into employee_projects (employee_id, project_id) values (58, 1);
insert into employee_projects (employee_id, project_id) values (59, 2);
insert into employee_projects (employee_id, project_id) values (60, 9);
insert into employee_projects (employee_id, project_id) values (61, 6);
insert into employee_projects (employee_id, project_id) values (62, 5);
insert into employee_projects (employee_id, project_id) values (63, 7);
insert into employee_projects (employee_id, project_id) values (64, 1);
insert into employee_projects (employee_id, project_id) values (65, 9);
insert into employee_projects (employee_id, project_id) values (66, 2);
insert into employee_projects (employee_id, project_id) values (67, 2);
insert into employee_projects (employee_id, project_id) values (68, 1);
insert into employee_projects (employee_id, project_id) values (69, 3);
insert into employee_projects (employee_id, project_id) values (70, 4);
insert into employee_projects (employee_id, project_id) values (71, 7);
insert into employee_projects (employee_id, project_id) values (72, 2);
insert into employee_projects (employee_id, project_id) values (73, 4);
insert into employee_projects (employee_id, project_id) values (74, 6);
insert into employee_projects (employee_id, project_id) values (75, 6);
insert into employee_projects (employee_id, project_id) values (76, 8);
insert into employee_projects (employee_id, project_id) values (77, 1);
insert into employee_projects (employee_id, project_id) values (78, 2);
insert into employee_projects (employee_id, project_id) values (79, 8);
insert into employee_projects (employee_id, project_id) values (80, 9);
insert into employee_projects (employee_id, project_id) values (81, 9);
insert into employee_projects (employee_id, project_id) values (82, 8);
insert into employee_projects (employee_id, project_id) values (83, 8);
insert into employee_projects (employee_id, project_id) values (84, 6);
insert into employee_projects (employee_id, project_id) values (85, 9);
insert into employee_projects (employee_id, project_id) values (86, 4);
insert into employee_projects (employee_id, project_id) values (87, 8);
insert into employee_projects (employee_id, project_id) values (88, 3);
insert into employee_projects (employee_id, project_id) values (89, 2);
insert into employee_projects (employee_id, project_id) values (90, 6);
insert into employee_projects (employee_id, project_id) values (91, 10);
insert into employee_projects (employee_id, project_id) values (92, 5);
insert into employee_projects (employee_id, project_id) values (93, 10);
insert into employee_projects (employee_id, project_id) values (94, 10);
insert into employee_projects (employee_id, project_id) values (95, 1);
insert into employee_projects (employee_id, project_id) values (96, 5);
insert into employee_projects (employee_id, project_id) values (97, 4);
insert into employee_projects (employee_id, project_id) values (98, 2);
insert into employee_projects (employee_id, project_id) values (99, 6);
insert into employee_projects (employee_id, project_id) values (100, 4);

insert into employee_projects (employee_id, project_id) values (10, 1+5);
insert into employee_projects (employee_id, project_id) values (11, 1+2);
insert into employee_projects (employee_id, project_id) values (12, 1+6);
insert into employee_projects (employee_id, project_id) values (13, 1+8);
insert into employee_projects (employee_id, project_id) values (14, 1+9);
insert into employee_projects (employee_id, project_id) values (15, 1+1);
insert into employee_projects (employee_id, project_id) values (16, 1+9);
insert into employee_projects (employee_id, project_id) values (17, 1+2);
insert into employee_projects (employee_id, project_id) values (18, 1+9);
insert into employee_projects (employee_id, project_id) values (19, 1+9);
insert into employee_projects (employee_id, project_id) values (20, 1+9);
insert into employee_projects (employee_id, project_id) values (21, 1+1);
insert into employee_projects (employee_id, project_id) values (22, 1+3);

insert into employee_projects (employee_id, project_id) values (10, 2+5);
insert into employee_projects (employee_id, project_id) values (11, 2+2);
insert into employee_projects (employee_id, project_id) values (12, 2+6);
insert into employee_projects (employee_id, project_id) values (13, 2+8);
insert into employee_projects (employee_id, project_id) values (14, 9-2);
insert into employee_projects (employee_id, project_id) values (15, 2+1);
insert into employee_projects (employee_id, project_id) values (16, 9-2);
insert into employee_projects (employee_id, project_id) values (17, 2+2);
insert into employee_projects (employee_id, project_id) values (18, 9-2);
insert into employee_projects (employee_id, project_id) values (19, 9-2);
insert into employee_projects (employee_id, project_id) values (20, 9-2);
insert into employee_projects (employee_id, project_id) values (21, 2+1);
insert into employee_projects (employee_id, project_id) values (22, 2+3);
