insert into department (id, name, description, location, phone_number) values ('ACC', 'Accounting', 'Crunchy cacao nibs, great for adding to smoothies or baking.', 'PARIS', '+7 222 229 1781');
insert into department (id, name, description, location, phone_number) values ('LGL', 'Legal', 'Crispy baked radish chips, a healthy snack alternative.', 'MILANO', '+86 891 899 7354');
insert into department (id, name, description, location, phone_number) values ('PRM','Product Management', 'A mix of strawberries, blueberries, and raspberries, perfect for smoothies.', 'HERMITAGE', '+359 895 897 1819');
insert into department (id, name, description, location, phone_number) values ('RAD','Research and Development', 'Multi-functional grater for cheese and vegetables.', 'WHEELING', '+81 699 933 2269');
insert into department (id, name, description, location, phone_number) values ('SUP','Support', 'Fun instruments to introduce kids to music.', 'DWIGHT', '+66 156 194 0649');
insert into department (id, name, description, location, phone_number) values ('MAR','Marketing', 'Personalized calendar with your favorite photos.', 'BREMEN', '+20 309 566 6864');
insert into department (id, name, description, location, phone_number) values ('SLS','Sales', 'High-quality organic honey from local farms.', 'WIEN', '+7 391 222 2222');
insert into department (id, name, description, location, phone_number) values ('HHR','Human Resources', 'Handmade ceramic mugs with unique designs.', 'SAN FRANCISCO', '+7 861 222 2222');

insert into payroll_account (bank_name, account_number, bank_routing_number, account_type, payment_frequency) values ('TRUSTMARK NATIONAL BANK', '3576471230322597', '062103259', 'VISTA', 'monthly');
insert into payroll_account (bank_name, account_number, bank_routing_number, account_type, payment_frequency) values ('COMPASS BANK', '560222736368421420', '114016142', 'VISTA', 'bi-weekly');
insert into payroll_account (bank_name, account_number, bank_routing_number, account_type, payment_frequency) values ('FIRST STATE BANK', '5048370685493579', '104111769', 'DEBITO', 'weekly');
insert into payroll_account (bank_name, account_number, bank_routing_number, account_type, payment_frequency) values ('BUSEY BANK', '5382514228430853', '067014372', 'DEBITO', 'bi-weekly');
insert into payroll_account (bank_name, account_number, bank_routing_number, account_type, payment_frequency) values ('FIRST NATIONAL BANK OF PENNSYLVANIA', '4936661794692380529', '043318092', 'AHORRO', 'weekly');
insert into payroll_account (bank_name, account_number, bank_routing_number, account_type, payment_frequency) values ('BANK OF AMERICA', '3549426909847708', '053102463', 'DEBITO', 'bi-weekly');
insert into payroll_account (bank_name, account_number, bank_routing_number, account_type, payment_frequency) values ('UNITED BANK', '3541260683761803', '061119477', 'AHORRO', 'weekly');
insert into payroll_account (bank_name, account_number, bank_routing_number, account_type, payment_frequency) values ('COMMUNITY BANK', '491193281188098580', '221372274', 'AHORRO', 'bi-weekly');
insert into payroll_account (bank_name, account_number, bank_routing_number, account_type, payment_frequency) values ('FARMERS BANK', '5002353130401474', '083901773', 'AHORRO', 'bi-weekly');
insert into payroll_account (bank_name, account_number, bank_routing_number, account_type, payment_frequency) values ('PROSPERITY BANK', '337941437776189', '114903080', 'DEBITO', 'bi-weekly');
insert into payroll_account (bank_name, account_number, bank_routing_number, account_type, payment_frequency) values ('FIRST BANK', '6763389114791412', '071923336', 'DEBITO', 'weekly');
insert into payroll_account (bank_name, account_number, bank_routing_number, account_type, payment_frequency) values ('HSBC BANK', '3568115581662081', '021410080', 'AHORRO', 'monthly');
insert into payroll_account (bank_name, account_number, bank_routing_number, account_type, payment_frequency) values ('FIRST MIDWEST BANK', '5007665349414716', '071917326', 'AHORRO', 'monthly');
insert into payroll_account (bank_name, account_number, bank_routing_number, account_type, payment_frequency) values ('FIRST TENNESSEE BANK', '3563518149937157', '064207195', 'AHORRO', 'monthly');
insert into payroll_account (bank_name, account_number, bank_routing_number, account_type, payment_frequency) values ('FARMERS STATE BANK', '3583781417563438', '107003418', 'AHORRO', 'monthly');
insert into payroll_account (bank_name, account_number, bank_routing_number, account_type, payment_frequency) values ('FARMERS STATE BANK', '3543450957271377', '073911676', 'VISTA', 'bi-weekly');
insert into payroll_account (bank_name, account_number, bank_routing_number, account_type, payment_frequency) values ('BANK OF THE WEST', '30237203382611', '111916724', 'VISTA', 'weekly');
insert into payroll_account (bank_name, account_number, bank_routing_number, account_type, payment_frequency) values ('FIRST NATIONAL BANK OF PENNSYLVANIA', '3542289835241058', '053202305', 'DEBITO', 'bi-weekly');
insert into payroll_account (bank_name, account_number, bank_routing_number, account_type, payment_frequency) values ('BANK OF AMERICA', '3557641449233560', '082907545', 'DEBITO', 'weekly');
insert into payroll_account (bank_name, account_number, bank_routing_number, account_type, payment_frequency) values ('CITIZENS BANK', '3539381903430872', '103102274', 'VISTA', 'monthly');
insert into payroll_account (bank_name, account_number, bank_routing_number, account_type, payment_frequency) values ('HUNTINGTON NATIONAL BANK', '503833693478807512', '072410123', 'DEBITO', 'monthly');
insert into payroll_account (bank_name, account_number, bank_routing_number, account_type, payment_frequency) values ('WELLS FARGO BANK', '3563720736262904', '122237955', 'VISTA', 'weekly');
insert into payroll_account (bank_name, account_number, bank_routing_number, account_type, payment_frequency) values ('PNC BANK INC. - BALTIMORE', '3584927445938154', '052100929', 'VISTA', 'weekly');
insert into payroll_account (bank_name, account_number, bank_routing_number, account_type, payment_frequency) values ('PROSPERITY BANK', '3560581749350208', '111000805', 'AHORRO', 'weekly');
insert into payroll_account (bank_name, account_number, bank_routing_number, account_type, payment_frequency) values ('BANK OF AMERICA', '201633891926649', '081000032', 'DEBITO', 'bi-weekly');
insert into payroll_account (bank_name, account_number, bank_routing_number, account_type, payment_frequency) values ('FIRST BANK & TRUST', '3579689164824612', '104902363', 'DEBITO', 'weekly');
insert into payroll_account (bank_name, account_number, bank_routing_number, account_type, payment_frequency) values ('CAPITAL BANK', '4905804036584756', '067011760', 'DEBITO', 'weekly');
insert into payroll_account (bank_name, account_number, bank_routing_number, account_type, payment_frequency) values ('FIRST MIDWEST BANK', '58933369539639616', '081504693', 'VISTA', 'weekly');
insert into payroll_account (bank_name, account_number, bank_routing_number, account_type, payment_frequency) values ('BYLINE BANK', '6763606657239547328', '071004530', 'VISTA', 'weekly');
insert into payroll_account (bank_name, account_number, bank_routing_number, account_type, payment_frequency) values ('FARMERS BANK', '5602253452123597150', '082901091', 'VISTA', 'monthly');
insert into payroll_account (bank_name, account_number, bank_routing_number, account_type, payment_frequency) values ('S & T BANK', '5602241932756944', '043318814', 'DEBITO', 'weekly');
insert into payroll_account (bank_name, account_number, bank_routing_number, account_type, payment_frequency) values ('GLACIER BANK', '060402291269406917', '092902352', 'VISTA', 'weekly');
insert into payroll_account (bank_name, account_number, bank_routing_number, account_type, payment_frequency) values ('COMMUNITY STATE BANK', '6763114584060506', '073917887', 'AHORRO', 'bi-weekly');
insert into payroll_account (bank_name, account_number, bank_routing_number, account_type, payment_frequency) values ('FIFTH THIRD BANK', '3578568200183947', '067091719', 'VISTA', 'monthly');
insert into payroll_account (bank_name, account_number, bank_routing_number, account_type, payment_frequency) values ('GLACIER BANK', '201631917459181', '125107998', 'AHORRO', 'weekly');
insert into payroll_account (bank_name, account_number, bank_routing_number, account_type, payment_frequency) values ('PIONEER BANK, SSB', '4041374672400', '113102442', 'VISTA', 'weekly');
insert into payroll_account (bank_name, account_number, bank_routing_number, account_type, payment_frequency) values ('US BANK', '3577497659540889', '091408501', 'AHORRO', 'weekly');
insert into payroll_account (bank_name, account_number, bank_routing_number, account_type, payment_frequency) values ('BANNER BANK', '4844757977977237', '122243800', 'AHORRO', 'monthly');
insert into payroll_account (bank_name, account_number, bank_routing_number, account_type, payment_frequency) values ('WELLS FARGO BANK', '6331100005125302', '124100064', 'VISTA', 'bi-weekly');
insert into payroll_account (bank_name, account_number, bank_routing_number, account_type, payment_frequency) values ('BANK OF AMERICA', '337941418086731', '053200446', 'VISTA', 'monthly');
insert into payroll_account (bank_name, account_number, bank_routing_number, account_type, payment_frequency) values ('FIRST NATIONAL BANK', '5248050132111218', '111926112', 'DEBITO', 'weekly');
insert into payroll_account (bank_name, account_number, bank_routing_number, account_type, payment_frequency) values ('FIRST STATE BANK', '56022291777821688', '081220524', 'AHORRO', 'bi-weekly');
insert into payroll_account (bank_name, account_number, bank_routing_number, account_type, payment_frequency) values ('BRANCH BANKING & TRUST COMPANY', '3571574262740837', '031205955', 'VISTA', 'monthly');
insert into payroll_account (bank_name, account_number, bank_routing_number, account_type, payment_frequency) values ('FIRST NATIONAL BANK OF PENNSYLVANIA', '3574535055318138', '254070132', 'VISTA', 'weekly');
insert into payroll_account (bank_name, account_number, bank_routing_number, account_type, payment_frequency) values ('PROSPERITY BANK', '5100175242823605', '111917383', 'AHORRO', 'weekly');
insert into payroll_account (bank_name, account_number, bank_routing_number, account_type, payment_frequency) values ('SOUTH STATE BANK', '6304473359942466234', '061204900', 'DEBITO', 'weekly');
insert into payroll_account (bank_name, account_number, bank_routing_number, account_type, payment_frequency) values ('FIRST COMMUNITY BANK', '3531578181960060', '051005012', 'DEBITO', 'bi-weekly');
insert into payroll_account (bank_name, account_number, bank_routing_number, account_type, payment_frequency) values ('HUNTINGTON NATIONAL BANK', '3567289512358456', '044115090', 'DEBITO', 'weekly');
insert into payroll_account (bank_name, account_number, bank_routing_number, account_type, payment_frequency) values ('VALLEY NATIONAL BANK', '3573815218643346', '063115437', 'VISTA', 'weekly');
insert into payroll_account (bank_name, account_number, bank_routing_number, account_type, payment_frequency) values ('PEOPLES BANK', '341431820138217', '091913216', 'DEBITO', 'bi-weekly');
insert into payroll_account (bank_name, account_number, bank_routing_number, account_type, payment_frequency) values ('HORIZON CREDIT UNION', '3537740009481463', '281581047', 'DEBITO', 'monthly');
insert into payroll_account (bank_name, account_number, bank_routing_number, account_type, payment_frequency) values ('CORNERSTONE BANK', '3549061821981002', '082904726', 'VISTA', 'weekly');
insert into payroll_account (bank_name, account_number, bank_routing_number, account_type, payment_frequency) values ('UMB', '3580041139172551', '081503490', 'AHORRO', 'monthly');
insert into payroll_account (bank_name, account_number, bank_routing_number, account_type, payment_frequency) values ('BANK OF AMERICA', '4844554275449021', '114000019', 'DEBITO', 'bi-weekly');
insert into payroll_account (bank_name, account_number, bank_routing_number, account_type, payment_frequency) values ('WELLS FARGO BANK', '6331101312664169646', '056004089', 'AHORRO', 'weekly');
insert into payroll_account (bank_name, account_number, bank_routing_number, account_type, payment_frequency) values ('HERITAGE BANK', '337941660345843', '121201814', 'VISTA', 'weekly');
insert into payroll_account (bank_name, account_number, bank_routing_number, account_type, payment_frequency) values ('PACIFIC WESTERN BANK', '5010128979377211', '122237751', 'VISTA', 'monthly');
insert into payroll_account (bank_name, account_number, bank_routing_number, account_type, payment_frequency) values ('PNC BANK', '3562110198309420', '071921833', 'DEBITO', 'bi-weekly');
insert into payroll_account (bank_name, account_number, bank_routing_number, account_type, payment_frequency) values ('INTERBANK', '060467746555150828', '111905230', 'VISTA', 'weekly');
insert into payroll_account (bank_name, account_number, bank_routing_number, account_type, payment_frequency) values ('FIRST STATE BANK', '5007664415301188', '084204628', 'DEBITO', 'monthly');
insert into payroll_account (bank_name, account_number, bank_routing_number, account_type, payment_frequency) values ('FIFTH THIRD BANK', '3575974166438882', '074908594', 'AHORRO', 'monthly');
insert into payroll_account (bank_name, account_number, bank_routing_number, account_type, payment_frequency) values ('FIRST NATIONAL BANK OF PENNSYLVANIA', '3588125900751156', '031306799', 'AHORRO', 'weekly');
insert into payroll_account (bank_name, account_number, bank_routing_number, account_type, payment_frequency) values ('CITIZENS STATE BANK', '6709192537939213', '073921190', 'VISTA', 'bi-weekly');
insert into payroll_account (bank_name, account_number, bank_routing_number, account_type, payment_frequency) values ('PNC BANK', '5100134095653205', '055001698', 'VISTA', 'weekly');
insert into payroll_account (bank_name, account_number, bank_routing_number, account_type, payment_frequency) values ('BRANCH BANKING & TRUST COMPANY', '3562354022760974', '231371799', 'AHORRO', 'weekly');
insert into payroll_account (bank_name, account_number, bank_routing_number, account_type, payment_frequency) values ('FARMERS STATE BANK', '374283652181108', '104903498', 'DEBITO', 'monthly');
insert into payroll_account (bank_name, account_number, bank_routing_number, account_type, payment_frequency) values ('SECURITY BANK', '348992784518200', '101101785', 'AHORRO', 'bi-weekly');
insert into payroll_account (bank_name, account_number, bank_routing_number, account_type, payment_frequency) values ('TD BANK', '56022391015657561', '031201360', 'AHORRO', 'bi-weekly');
insert into payroll_account (bank_name, account_number, bank_routing_number, account_type, payment_frequency) values ('CAPITAL BANK', '3555415210719103', '053112806', 'AHORRO', 'monthly');
insert into payroll_account (bank_name, account_number, bank_routing_number, account_type, payment_frequency) values ('COMMUNITY BANK', '3528778921353056', '071118798', 'VISTA', 'monthly');
insert into payroll_account (bank_name, account_number, bank_routing_number, account_type, payment_frequency) values ('GREAT WESTERN BANK', '3570820454933149', '073906306', 'VISTA', 'monthly');
insert into payroll_account (bank_name, account_number, bank_routing_number, account_type, payment_frequency) values ('FIRST NATIONAL BANK', '6771344683639252', '103101110', 'VISTA', 'weekly');
insert into payroll_account (bank_name, account_number, bank_routing_number, account_type, payment_frequency) values ('SANTANDER BANK', '3581451033762531', '011075202', 'DEBITO', 'weekly');
insert into payroll_account (bank_name, account_number, bank_routing_number, account_type, payment_frequency) values ('CITIBANK', '4917906443948908', '091409571', 'AHORRO', 'weekly');
insert into payroll_account (bank_name, account_number, bank_routing_number, account_type, payment_frequency) values ('BANK OF AMERICA', '676201111197891376', '067011294', 'DEBITO', 'monthly');
insert into payroll_account (bank_name, account_number, bank_routing_number, account_type, payment_frequency) values ('FIRST MIDWEST BANK', '3537516484433777', '071908827', 'DEBITO', 'weekly');
insert into payroll_account (bank_name, account_number, bank_routing_number, account_type, payment_frequency) values ('GREAT LAKES CREDIT UNION', '4911628043863362', '271080325', 'DEBITO', 'monthly');
insert into payroll_account (bank_name, account_number, bank_routing_number, account_type, payment_frequency) values ('VALLEY NATIONAL BANK', '3552042629687151', '021206993', 'VISTA', 'bi-weekly');
insert into payroll_account (bank_name, account_number, bank_routing_number, account_type, payment_frequency) values ('WELLS FARGO BANK', '3565334588645998', '063107513', 'AHORRO', 'monthly');
insert into payroll_account (bank_name, account_number, bank_routing_number, account_type, payment_frequency) values ('GOLDMAN SACHS BANK USA', '4905994519216767346', '026015079', 'AHORRO', 'weekly');
insert into payroll_account (bank_name, account_number, bank_routing_number, account_type, payment_frequency) values ('UNITED BANK', '630493702456764645', '083901650', 'AHORRO', 'weekly');
insert into payroll_account (bank_name, account_number, bank_routing_number, account_type, payment_frequency) values ('COMMUNITY BANK', '3585839952983789', '123203878', 'DEBITO', 'monthly');
insert into payroll_account (bank_name, account_number, bank_routing_number, account_type, payment_frequency) values ('FIRST NATIONAL BANK', '6767065956468165389', '081204126', 'VISTA', 'monthly');
insert into payroll_account (bank_name, account_number, bank_routing_number, account_type, payment_frequency) values ('XENITH BANK', '3533754787752528', '051009364', 'AHORRO', 'weekly');
insert into payroll_account (bank_name, account_number, bank_routing_number, account_type, payment_frequency) values ('BMO HARRIS BANK', '3547819033452522', '075900229', 'DEBITO', 'bi-weekly');
insert into payroll_account (bank_name, account_number, bank_routing_number, account_type, payment_frequency) values ('FARMERS STATE BANK', '3560548077529703', '075907808', 'DEBITO', 'bi-weekly');
insert into payroll_account (bank_name, account_number, bank_routing_number, account_type, payment_frequency) values ('FIRST NATIONAL BANK', '3571728696274629', '071117760', 'VISTA', 'monthly');
insert into payroll_account (bank_name, account_number, bank_routing_number, account_type, payment_frequency) values ('CATHAY BANK', '3587805246494576', '055003337', 'AHORRO', 'bi-weekly');
insert into payroll_account (bank_name, account_number, bank_routing_number, account_type, payment_frequency) values ('HERITAGE BANK', '4041379617572129', '073912808', 'DEBITO', 'bi-weekly');
insert into payroll_account (bank_name, account_number, bank_routing_number, account_type, payment_frequency) values ('TD BANK', '6334828651696967998', '011401148', 'AHORRO', 'monthly');
insert into payroll_account (bank_name, account_number, bank_routing_number, account_type, payment_frequency) values ('FIRST BANK', '5010123490570287', '091201915', 'VISTA', 'bi-weekly');
insert into payroll_account (bank_name, account_number, bank_routing_number, account_type, payment_frequency) values ('FIRST NATIONAL BANK', '5528356046887137', '112207403', 'DEBITO', 'weekly');
insert into payroll_account (bank_name, account_number, bank_routing_number, account_type, payment_frequency) values ('FIRST STATE BANK', '3571758801936390', '107001520', 'DEBITO', 'weekly');
insert into payroll_account (bank_name, account_number, bank_routing_number, account_type, payment_frequency) values ('GLACIER BANK', '3565208305352163', '102106569', 'VISTA', 'bi-weekly');
insert into payroll_account (bank_name, account_number, bank_routing_number, account_type, payment_frequency) values ('CADENCE BANK', '4844358218503393', '084201443', 'AHORRO', 'weekly');
insert into payroll_account (bank_name, account_number, bank_routing_number, account_type, payment_frequency) values ('PACIFIC WESTERN BANK', '3555105727646036', '122239814', 'VISTA', 'bi-weekly');
insert into payroll_account (bank_name, account_number, bank_routing_number, account_type, payment_frequency) values ('INDEPENDENT BANK', '3547373833120004', '072402652', 'VISTA', 'weekly');
insert into payroll_account (bank_name, account_number, bank_routing_number, account_type, payment_frequency) values ('FIFTH THIRD BANK', '3547518979024184', '072401831', 'AHORRO', 'monthly');
insert into payroll_account (bank_name, account_number, bank_routing_number, account_type, payment_frequency) values ('SECURITY BANK', '3541177917134922', '042107657', 'DEBITO', 'weekly');
insert into payroll_account (bank_name, account_number, bank_routing_number, account_type, payment_frequency) values ('FIRST NATIONAL BANK', '3542823747491276', '091803957', 'AHORRO', 'bi-weekly');

insert into project (name) values ('Safe Bulkers, Inc');
insert into project (name) values ('NeuroMetrix, Inc.');
insert into project (name) values ('Consumer Portfolio Services, Inc.');
insert into project (name) values ('Nuveen Short Duration Credit Opportunities Fund');
insert into project (name) values ('The Gabelli Healthcare & Wellness Trust');
insert into project (name) values ('Dover Downs Gaming & Entertainment Inc');
insert into project (name) values ('Enel Americas S.A.');
insert into project (name) values ('Fulgent Genetics, Inc.');
insert into project (name) values ('Oi S.A.');
insert into project (name) values ('M&T Bank Corporation');

insert into employee (first_name, last_name, email, birth_date, gender, salary, job_title, department_id) values ('Silvester', 'Murrow', 'smurrow0@sakura.ne.jp', '1988-09-26', 'Male', '851.54', 'Legal Assistant', 'LGL');
insert into employee (first_name, last_name, email, birth_date, gender, salary, job_title, department_id) values ('Lucian', 'Ervin', 'lervin1@gov.uk', '1979-09-25', 'Male', '823.08', 'Software Test Engineer II', 'RAD');
insert into employee (first_name, last_name, email, birth_date, gender, salary, job_title, department_id) values ('Rickert', 'Nadin', 'rnadin2@pagesperso-orange.fr', '1997-05-15', 'Male', '425.07', 'Analyst Programmer', 'PRM');
insert into employee (first_name, last_name, email, birth_date, gender, salary, job_title, department_id) values ('Felicio', 'Jindra', 'fjindra3@4shared.com', '1990-02-02', 'Male', '775.32', 'Assistant Media Planner', 'MAR');
insert into employee (first_name, last_name, email, birth_date, gender, salary, job_title, department_id) values ('Jammie', 'Ranyell', 'jranyell4@ycombinator.com', '1979-05-13', 'Female', '1471.48', 'Food Chemist', 'HHR');
insert into employee (first_name, last_name, email, birth_date, gender, salary, job_title, department_id) values ('Milton', 'Canet', 'mcanet5@sitemeter.com', '1988-11-20', 'Male', '1392.96', 'Health Coach III', 'SUP');
insert into employee (first_name, last_name, email, birth_date, gender, salary, job_title, department_id) values ('Ina', 'Suff', 'isuff6@xinhuanet.com', '1992-02-07', 'Female', '1458.25', 'Media Manager III', 'MAR');
insert into employee (first_name, last_name, email, birth_date, gender, salary, job_title, department_id) values ('Stillman', 'Anyene', 'sanyene7@army.mil', '1995-03-18', 'Male', '173.12', 'Accounting Assistant III', 'ACC');
insert into employee (first_name, last_name, email, birth_date, gender, salary, job_title, department_id) values ('Rebeca', 'M''Chirrie', 'rmchirrie8@latimes.com', '1997-07-23', 'Female', '1303.54', 'Design Engineer', 'RAD');
insert into employee (first_name, last_name, email, birth_date, gender, salary, job_title, department_id) values ('Delmor', 'Patty', 'dpatty9@wikipedia.org', '1974-11-24', 'Male', '587.92', 'Food Chemist', 'HHR');
insert into employee (first_name, last_name, email, birth_date, gender, salary, job_title, department_id) values ('Ware', 'Staves', 'wstavesa@mayoclinic.com', '1975-09-19', 'Male', '1071.72', 'Research Nurse', 'RAD');
insert into employee (first_name, last_name, email, birth_date, gender, salary, job_title, department_id) values ('Orran', 'Perello', 'operellob@github.io', '1997-03-09', 'Male', '379.59', 'Geologist IV', 'PRM');
insert into employee (first_name, last_name, email, birth_date, gender, salary, job_title, department_id) values ('Irvin', 'Hedney', 'ihedneyc@printfriendly.com', '1980-11-11', 'Male', '771.70', 'Research Assistant II', 'RAD');
insert into employee (first_name, last_name, email, birth_date, gender, salary, job_title, department_id) values ('Francoise', 'Burdge', 'fburdged@digg.com', '1988-09-03', 'Female', '229.00', 'Executive Secretary', 'HHR');
insert into employee (first_name, last_name, email, birth_date, gender, salary, job_title, department_id) values ('Neile', 'Jozsef', 'njozsefe@technorati.com', '1987-03-18', 'Female', '1408.02', 'Programmer I', 'PRM');
insert into employee (first_name, last_name, email, birth_date, gender, salary, job_title, department_id) values ('Parker', 'Canelas', 'pcanelasf@reference.com', '1999-05-01', 'Male', '85.70', 'Sales Representative', 'SLS');
insert into employee (first_name, last_name, email, birth_date, gender, salary, job_title, department_id) values ('Fayth', 'Pedro', 'fpedrog@intel.com', '1990-08-01', 'Female', '1440.98', 'Assistant Media Planner', 'MAR');
insert into employee (first_name, last_name, email, birth_date, gender, salary, job_title, department_id) values ('Malachi', 'Van Oord', 'mvanoordh@diigo.com', '1987-07-31', 'Male', '979.13', 'Senior Quality Engineer', 'RAD');
insert into employee (first_name, last_name, email, birth_date, gender, salary, job_title, department_id) values ('Claretta', 'Bedson', 'cbedsoni@facebook.com', '1980-09-12', 'Female', '1386.34', 'Staff Accountant I', 'ACC');
insert into employee (first_name, last_name, email, birth_date, gender, salary, job_title, department_id) values ('Suzanne', 'Radley', 'sradleyj@msn.com', '1993-08-29', 'Female', '547.40', 'Product Engineer', 'PRM');